content,date,like,place,tags
#이매진드랜드스케이프제주#버버리제주전시장:서귀포 방주교회에 버버리 팝업 스토어가 생겨서 요즘 어마어마하게 핫하더라구요! :그래서 제가 제주도 핫 플레이스 답게 한번 다녀와봤습니다.:버버리 이메진드 랜드스케이프는 예약방문이 필수인데 네이버예약하시면 편하게 가실 수 있어요.그러나 당일 현장 예약도 가능합니다! 저는 당일 현장 예약으로 방문했는데 30분 정도 기다렸어요. :모두 전시장 입구 쪽에서 사진 많이 찍으시는데 전시장 앞에 사람들이 많았다가 한번에 사라질때가 있어요.그때를 노려 단독사진을 찍으시면 됩니다!:그리고 한가지 더 꿀팁은 토마스카페대기가 전시장 대기보다 더 오래걸려요..그래서 주차하시고 들어오면 토마스카페에 대기예약을 먼저 하시고 전시장 예약을 하시면 전시가 끝나고 커피를 마실 수 있게됩니다! :저는 카페예약을 먼저했는데도 카페대기가 길어서 포기 ㅠㅠ :버버리 이매진드 랜드스케이프 에가시면 영상작품도 보시고 버버리 옷들과 가방 모자 등 자유롭게 입어보실 수 있으니 한번 방문해 보시는 걸 추천:#제주도핫플레이스#제주영의제주살이:#제주핫플 #버버리제주 #버버리팝업스토어 #제주버버리 #버버리카페 #방주교회 #제주방주교회 #제주버버리카페#서귀포핫플 #안덕핫플 #버버리제주팝업스토어 #버버리전시 #버버리가방 #버버리패딩,2021-12-04,unmoru님 여러 명이 좋아합니,,"['#이매진드랜드스케이프제주', '#버버리제주전시장:서귀포', '#제주도핫플레이스', '#제주영의제주살이:', '#제주핫플', '#버버리제주', '#버버리팝업스토어', '#제주버버리', '#버버리카페', '#방주교회', '#제주방주교회', '#제주버버리카페', '#서귀포핫플', '#안덕핫플', '#버버리제주팝업스토어', '#버버리전시', '#버버리가방', '#버버리패딩']"
제주에서 예약하기 가장 힘든돈까스집 #연돈 .제주도에 살면서도 연돈먹기 힘들었는데드디어 예약성공해서 먹어봅니다!! .테이블링으로 8시 땡! 하자마자 예약!.연돈은 방문 4시간 전부터 예약일이라고 안내카톡이 옵니다.예약시간인 8시 맞춰서 연돈 앞에갔는데 조금 더 일찍가서 볼카츠도 사올껄 그랬어요🥲연돈 드시는 분들 보니 미리 오셔서 볼카츠 사서 들어오시더라구요!저도 다음에 방문할때는 예약시간보다 조금 일찍가서  볼카츠 사려구요..들어갔을때는 생각보다 사람이 많지않았는데 조금 조용한 분위기에서 식사했답니다.저는 등심까스 2인 예약했었고 카레추가했어요..돈까스는 겉은 매우 빠!삭! 속은 부드러운 돈까스에요.가격대비 퀄이 좋은 돈까스같은 느낌이들었고 다른 돈까스에 비해 다 먹어도 느끼하다는 느낌이 없었습니다.저는 개인적으로 테이블에 놓여진 소금을 찍어서 담백하게 먹는게 좋았어요.카레소스는 수제카레답게 깊은 맛이 느껴지고 다진 고기가 들어가있어요.같이 간 지인은 카레가 정말 맛있다며 밥에 비벼먹었습니다..그 어렵다는 치즈  돈까스도 성공한다면 다시한번 올려볼게요..#제주도핫플레이스#제주영의제주살이.#서귀포연돈 #제주연돈 #제주돈까스맛집#제주도핫플 #서귀포핫플 #중문관광지#서귀포가볼만한곳 #연돈예약 #테이블링#중문가볼만한곳 #중문핫플 #제주살이 #제주맛집 #서귀포맛집 #중문맛집추천,2021-12-04,orjeju님 여러 명이 좋아합니,연돈,"['#연돈', '#제주도핫플레이스', '#제주영의제주살이.', '#서귀포연돈', '#제주연돈', '#제주돈까스맛집', '#제주도핫플', '#서귀포핫플', '#중문관광지', '#서귀포가볼만한곳', '#연돈예약', '#테이블링', '#중문가볼만한곳', '#중문핫플', '#제주살이', '#제주맛집', '#서귀포맛집', '#중문맛집추천']"
중문 히든클리프 근처에 고사리파스타로 유명한 #커트러리 에 다녀왔어요고사리파스타라니 맛이 궁금해서 너무 가고싶었던 곳 1순위로 적었던곳이네요ㅎㅎ.1층 에서 주문후 2층으로 올라가는 시스템 이고 고사리파스타가 크림이랑 오일 선택이 가능하더라구요 둘다 시키고 싶었으나제주바당파스타도 시그니처래서 고사리파스타는 크림으로 픽!.#고사리파스타 는 전체적으로 살짝 매콤한편으로 고추가 들어가있어요 그리고 들깨 였던거 같네요예상치 못한 조합인데 만족스러운  맛이였습니다. 이색적인 음식을 먹을수 있게 연구해주시는분들 다 좋아요~!#제주바당파스타 는 오일 베이스에 재료가 신선하고 역시나 깔끔한 맛이였습니다.다음에 다른메뉴도 먹어보러 재방문 해볼게요.매주수요일휴무매주화요실 점심장사만그외 기본 영업시간 10시30~22시.#제주영의제주살이#제주도핫플레이스.#중문맛집 #히든클리프맛집 #중문핫플#중문파스타 #서귀포파스타 #제주고사리#색달동맛집 #예래동맛집 #논짓물식당,2021-11-27,eternite님 여러 명이 좋아합니,,"['#커트러리', '#고사리파스타', '#제주바당파스타', '#제주영의제주살이', '#제주도핫플레이스.', '#중문맛집', '#히든클리프맛집', '#중문핫플', '#중문파스타', '#서귀포파스타', '#제주고사리', '#색달동맛집', '#예래동맛집', '#논짓물식당']"
서귀포 올레시장 주변에 색다른 치킨이 있다고 하여 다녀왔습니다.#댕귤치킨 그리고 #까망치킨 이 유명한#제주스럽닭 (#제주스럽닭서귀포올레점 )보니까 중문과 제주시해서 3곳인듯 합니다.입구에 돌담과 이름에서 제주스러움이 묻어있어 들어가기전부터 기대가 된곳인데치킨이야 뭐 항상 옳지요ㅎㅎ이번 방문은 인원이 여럿이라 모든메뉴 다 시켜봤어요 다먹어보기 개이득ㅎㅎ (접종자확인완료!) 지인분들 다 달랐지만 제입맛엔 핫댕귤치킨그리고 여성분들은 우땅치킨로제떡볶이도 순삭당하고젤 신기했던건 까망이구요ㅎㅎ누가태웠냐며 😓치킨도 맛있고 조용해서 즐겁게 모임하다 왔네요.제주에 놀러오신분들에게는 더욱 추천해볼만한 곳인듯 합니다...#제주영의제주살이#제주도핫플레이스..#제주치킨 #올레시장치킨맛집 #귤치킨#올레시장맛집 #천지연맛집 #서귀포항맛집#서귀포핫플 #제주핫플 #마농치킨 #올레시장먹거리 #올레시장야시장 #정방동맛집 #제주이색맛집 #제주음식,2021-11-23,ubaf_님 여러 명이 좋아합니,,"['#댕귤치킨', '#까망치킨', '#제주스럽닭', '#제주스럽닭서귀포올레점', '#제주영의제주살이', '#제주도핫플레이스..', '#제주치킨', '#올레시장치킨맛집', '#귤치킨', '#올레시장맛집', '#천지연맛집', '#서귀포항맛집', '#서귀포핫플', '#제주핫플', '#마농치킨', '#올레시장먹거리', '#올레시장야시장', '#정방동맛집', '#제주이색맛집', '#제주음식']"
안덕에 자연주의 레스토랑으로 유명한 “두엔데”에 다녀왔어요.두엔데는 총 3채의 공간에서 각 1팀씩만 받고 있어프라이빗 하게 식사를 할 수 있는 곳이기 때문에예약 후 방문 하시는걸 추천해요! 제주산 재료를 사용해 그 재료의 본연의 맛을 살려 정성스럽게 만들어낸 요리들이 두엔데만의 분위기와 잘 어우러져서 너무나 행복하고 즐거운 시간을 보낼 수 있었습니다.제주영 제주살이 블로그에 자세한 내용도 있으니 관심 있는분은 글도 봐주세요~!.#두엔데.#제주영의제주살이 #제주도핫플레이스#안덕핫플 #안덕맛집 #안덕레스토랑#서귀포레스토랑 #서귀포맛집 #제주맛집 #제주핫플 #제주핫플레이스 #안덕면맛집 #산방산맛집 #덕수리맛집 #구억리맛집,2021-11-23,_heritage님 여러 명이 좋아합니,두엔데 - Duende,"['#두엔데.', '#제주영의제주살이', '#제주도핫플레이스', '#안덕핫플', '#안덕맛집', '#안덕레스토랑', '#서귀포레스토랑', '#서귀포맛집', '#제주맛집', '#제주핫플', '#제주핫플레이스', '#안덕면맛집', '#산방산맛집', '#덕수리맛집', '#구억리맛집']"
서귀포 서홍동에 위치한 분위기좋은 와인바#마토네오늘은 나보다 내 파트너취향에 맞춰서선택한 화이트 스파클링 와인으로모스카도 라인인데 드라이한 느낌이 강해서너무 달지 않게 부담없이 먹기 좋은거 같아요기본안주들이 가격이 착해서 안주또한 부담없이 시켜먹기 좋을거 같아요저희는 올리브를 좋아하지않아서 하몽이랑 치즈로만 시켰어요~오랜만에 분위기 잡으니 좋네요ㅎㅎ.ㆍㆍ#서귀포와인바 #서귀포와인 #서귀포술집#서홍동술집 #서귀포칵테일 #서귀포바#서귀포핫플 #제주핫플 #마토네와인#서귀포마토네 #제주와인바,2021-11-03,_mattone님 여러 명이 좋아합니,,"['#마토네오늘은', '#서귀포와인바', '#서귀포와인', '#서귀포술집', '#서홍동술집', '#서귀포칵테일', '#서귀포바', '#서귀포핫플', '#제주핫플', '#마토네와인', '#서귀포마토네', '#제주와인바']"
함덕해변에 있는 베이커리카페#라플라주시그니처인 육쪽마늘빵이랑 우땅호떡은  둘다 기대이상이여서 다른 베이커리도 기대가 되더라 밥을 조금만 먹고갔어야 했다.음료는 살짝 아쉬운감이 있긴했지만 대신 케잌이랑 샌드위치도 맛있다는 평이 있어서 맛보러 한번 더 가볼만 하다..#함덕카페 #함덕베이커리 #함덕핫플#제주도핫플레이스 #제주베이커리카페#제주디저트카페#함덕해수욕장#함덕해변 #육쪽마늘빵,2021-11-02,ubaf_님 여러 명이 좋아합니,라플라주,"['#라플라주시그니처인', '#함덕카페', '#함덕베이커리', '#함덕핫플', '#제주도핫플레이스', '#제주베이커리카페', '#제주디저트카페', '#함덕해수욕장', '#함덕해변', '#육쪽마늘빵']"
일본어로 대화하길래 일본인 인줄 알았으나제주도 사람이라네요.#소바마사 소개를 시작합니다.-작은가게에 연세가 좀 있어보이는 부부가 운영하는 소바집이다.최근 몇일 문닫을때 주변 사장님에게 물어봤더니 일본집에 들릴겸 재료도 사러 갔다는 이야기를 들어서 일본인인줄 알았다.재일교포 라네요.아무튼 평소에 접해본 소바랑 느낌이 달랐음.호불호가 있으려나? 저는 이미 가게 분위기와 느낌덕분에 먹기전부터 맛있어가지고 세번정도 방문했어요.-고씨네천지국수 바로 앞에 있는 소바마사 추천해봅니당.#서귀포소바 #서귀포핫플 #제주도핫플레이스 #제주소바 #천지동맛집 #서귀포시청맛집 #올레시장 #매일올레시장 #서귀포올레시장,2021-10-25,ung_a님 여러 명이 좋아합니,,"['#소바마사', '#서귀포소바', '#서귀포핫플', '#제주도핫플레이스', '#제주소바', '#천지동맛집', '#서귀포시청맛집', '#올레시장', '#매일올레시장', '#서귀포올레시장']"
발달 장애를 가진 청년들이 일하는아름다운 공간 #꼬라지오_브런치맛집으로 유명한곳인데 들어가보니수제간식이랑 음료도 퀄리티와 가격이 좋았습니다.(인테리어나 정원도 깔끔)_#오픈샌드위치 #머쉬룸피자 #수제감귤주스이렇게 시켜 먹었는데일단 머쉬룸피자 너무 맛있어서 하나 더 시켜먹고 싶었어요.다음에 가면 두개시켜야지오픈샌드위치는 보자마자 정성스럽게  플레이팅 했다는게 느껴집니다.맛은 신선한재료에 자연스러운 건강한맛!?주스도 그렇고 맛있었어요. _서귀포 시내에서 가깝고 접근성이 좋습니다.적극추천~!.#서귀포브런치 #서귀포카페#서귀포샌드위치 #서귀포피자#서귀포브런치카페#제주브런치카페 #제주도핫플레이스#서귀포핫플레이스,2021-10-24,_.5님 여러 명이 좋아합니,꼬라지오,"['#꼬라지오_브런치맛집으로', '#오픈샌드위치', '#머쉬룸피자', '#수제감귤주스이렇게', '#서귀포브런치', '#서귀포카페', '#서귀포샌드위치', '#서귀포피자', '#서귀포브런치카페', '#제주브런치카페', '#제주도핫플레이스', '#서귀포핫플레이스']"
애월근처인 외도에 가성비좋은 오마카세가 있다고 하여 다녀왔습니다.제주시 오아카세#오마카세미미 ( 구 #미미이자카야)저녁타임 5시랑 7시 두타임 있더라구요 저희는 5시로 네이버예약하고 방문했습니다.가격은 역시나 착한가격이였고 리뷰도 좋아 한껏 기대를 하고 갔는데 그 기대를 채워주시네요ㅎㅎ오마카세다운 질 좋은 재료들  그리고 야키토리로 나온  고기종류들도 꿀맛이였습니다.시간이 되면 낮에 판매하시는 메뉴도 먹으러 재방문 해봐야겠네요. 주차는 근처 공영주차장 이용했어요 아직은 무료기간인듯 합니당#애월오마카세 #외도맛집 #제주시오마카세#제주오마카세 #제주핫플 #제주도핫플 #제주외도맛집 #애월맛집추천 #애월횟집 #제주시데이트 #제주시맛집 #제주외도동맛집 #이호테우해변맛집 #제주신혼여행 #제주추천맛집,2021-09-03,ubaf_님 여러 명이 좋아합니,,"['#오마카세미미', '#미미이자카야)저녁타임', '#애월오마카세', '#외도맛집', '#제주시오마카세', '#제주오마카세', '#제주핫플', '#제주도핫플', '#제주외도맛집', '#애월맛집추천', '#애월횟집', '#제주시데이트', '#제주시맛집', '#제주외도동맛집', '#이호테우해변맛집', '#제주신혼여행', '#제주추천맛집']"
협재에서 유명한 관광지#한림공원오랜만에 들렸는데 여전히 관리가 잘되어 있네요 조경도 이쁘고 악어 거북이 공작 타조 도마뱀등 귀여운 친구들도 많았어요생각보다 사람도 적어서 보기도 좋았는데그중에 이더운 여름에 가장 좋았던건3번이나 이어지는 동굴이 너무 시원했어요동굴에 비가 오더라구요ㅎㅎ성인 12000원인데 네이버예약은 9000원 이였습니다. ...협재해변은 사람이 여전히 많고 이뻤어요~업로드 더 늘리고 싶지만 요즘 일이 많아서부탁받은게 쌓여있네요 최대한 올려볼게요..#제주관광지 #제주서쪽관광지 #제주서쪽코스 #협재해수욕장 #협재해변#협재핫플레이스 #제주도관광지 #제주핫플 #제주도핫플레이스 #제주한림공원 #제주한림 #제주협재맛집,2021-08-20,158,한림공원 Hallimpark,"['#한림공원오랜만에', '#제주관광지', '#제주서쪽관광지', '#제주서쪽코스', '#협재해수욕장', '#협재해변', '#협재핫플레이스', '#제주도관광지', '#제주핫플', '#제주도핫플레이스', '#제주한림공원', '#제주한림', '#제주협재맛집']"
여러번 가봤지만 이건 몰랐죠?오설록에서 프리미엄으로 즐기는#오설록티라운지2주전부터 네이버예약하고 찾아간 곳이에요내휴일 늦잠 못자게 만들어서 힘들었지만또 하나의 추억이 생겼네요..시작은 입구에서 부터 오설록에 대한 스토리를 들으며 티라운지로 천천히 이동하고 티라운지에서도 안내가 아주 깔끔하고 서비스 받는 느낌 정말 좋았습니다.블랜디드 티를 개인취향에 맞게끔 선택하면 이쁘게 포장해서 선물로 주는데 거기에 이름도 직접 지어서 넣고하니 의미가 더 생기더라구요.티타임도 디저트와 너무 만족스러워서강추 드립니당ㅎㅎ.저는 여기들렸다가 #협재쌀국수 빛남에서 분짜먹은후#한림공원 다녀왔어요 다음게시물은 한림공원갑니다...#오설록 #오설록티뮤지엄 #제주오설록 #제주관광지 #제주핫플 #제주가볼만한곳 #제주도핫플 #제주실내데이트 #제주도관광지 #제주도핫플 #제주서쪽관광지 #서귀포관광지,2021-08-20,seo_3038님 여러 명이 좋아합니,Osulloc Tea Museum,"['#오설록티라운지2주전부터', '#협재쌀국수', '#한림공원', '#오설록', '#오설록티뮤지엄', '#제주오설록', '#제주관광지', '#제주핫플', '#제주가볼만한곳', '#제주도핫플', '#제주실내데이트', '#제주도관광지', '#제주도핫플', '#제주서쪽관광지', '#서귀포관광지']"
"비오는날은 실내전시나 실내관광을 할수있는 곳을 찾게되는데요 우주항공박물관에서 르네상스의 젊은 천재 “라파엘로” 작품들을 만나볼수있다고 하여 다녀왔습니당.사실 저는 그림을 잘 모르지만 동행 하는분이 미대를 나오셔서 좋은 선물 일거 같아 선택했구요.웅장한 오페라 음악과 함께 고화질로 라파엘로의 작품들을 볼수있었는데  그시대에서 옷 재질이며 표정이며 디테일한 부분도 대단하다 느껴졌어요.그알못이지만 오 오 하며 보고왔어요ㅎㅎ.*오페라 옴니아란?다양한박물관에 보관되어있는 예술작품을 보다 쉽게 접할 수 있도록 고도의기술로 원본에 가까운 고화질 작품으로 재현되어 실제 작품을 보는듯한 완벽한 관람이 가능한 디지털 전시회 입니다. .네이버 예약하고 리뷰 작성 또는,인스타에 티켓 인증을 남기시면라파엘로 포스트카드를 증정한다고해요!.엽서사이즈정도되는 포스트카드는 액자에 끼워 인테리어용으로 두기도 좋을것같아요👍.몇개 올리고 나서 우주항공박물관이랑그림카페랑 팔뤄들이 요청한곳 몇개 올릴게요집 구한다고 정신없어서 피드 하나 올리는것도 힘들어 하네요..항상 즐거운 여행하시길!.#우주항공박물관 #제주관광지 #제주미술관#제주전시회 #제주핫플 #신화역사공원#서귀포관광지 #제주실내데이트 #서귀포미술관 #라파엘로 #제주도전시회 #제주전시 #제주서부여행 #제주서쪽코스 #제주영어마을 #제주신화월드 #오페라옴니아",2021-08-15,71,제주항공우주박물관,"['#우주항공박물관', '#제주관광지', '#제주미술관', '#제주전시회', '#제주핫플', '#신화역사공원', '#서귀포관광지', '#제주실내데이트', '#서귀포미술관', '#라파엘로', '#제주도전시회', '#제주전시', '#제주서부여행', '#제주서쪽코스', '#제주영어마을', '#제주신화월드', '#오페라옴니아']"
바다보러 보목에 왔다가신상카페 발견하여 들어왔어요#카페숲숲카페안에서 섶섬이 엄청 크게 보이고바다가 시원하게 보여서 힐링하기 좋은거 같아요.야외랑 옥탑에서 시간 보내기 강추‼️ 아메리카노도 산미가 없어서 좋았습니당 (개취존중.)근처에  #소천지 #보목포구 #정방폭포 #쇠소깍 정도 있어요..최근에 바빠서 업로드 못했는데 사진은 많이 모와뒀습니다.열심히 올려볼게요.신상카페 숲숲 사장님도 화이팅 하세요~!.#서귀포핫플 #제주핫플 #보목카페 #섶섬카페 #소천지맛집#보목맛집 #서귀포카페 #서귀포신상카페 #제주신상카페 #서귀포카페추천 #보목포구카페 #제주도핫플#서귀포바다뷰카페 #제주바다뷰카페,2021-07-30,55,카페숲숲,"['#카페숲숲카페안에서', '#소천지', '#보목포구', '#정방폭포', '#쇠소깍', '#서귀포핫플', '#제주핫플', '#보목카페', '#섶섬카페', '#소천지맛집', '#보목맛집', '#서귀포카페', '#서귀포신상카페', '#제주신상카페', '#서귀포카페추천', '#보목포구카페', '#제주도핫플', '#서귀포바다뷰카페', '#제주바다뷰카페']"
안덕 강력추천 관광지 #파더스가든 생긴지 그리 오래되지 않은곳인거 같아요정보하나없이 지나칠때마다 궁금해서 들려봤는데 너무 좋더라구요동물들도 구경하고 포토존도 많고 지금도 더 확장중인거 같아요동물들 좋아하시는분들은 필수코스로 ~!..#제주관광지 #서귀포관광지 #안덕관광지#제주핫플 #서귀포핫플 #제주도핫플#안덕가볼만한곳 #서귀포가볼만한곳 #제주도가볼만한곳 #산방산 #카멜리아힐#제주파더스가든 #제주동물원 #제주관광지추천,2021-06-19,122,,"['#파더스가든', '#제주관광지', '#서귀포관광지', '#안덕관광지', '#제주핫플', '#서귀포핫플', '#제주도핫플', '#안덕가볼만한곳', '#서귀포가볼만한곳', '#제주도가볼만한곳', '#산방산', '#카멜리아힐', '#제주파더스가든', '#제주동물원', '#제주관광지추천']"
제주 고사리육개장 1등집#김재훈고사리육개장여기는 제 단골집인데요 요번에 사정이 있어서 상호명이 #훈이네고사리육개장 에서 변경되었다고 하네요여기는 #고사리육개장 외에도 #몸국 그리고 #흑돼지산적 <<< 부들부들 비린맛하나없이 진짜 꿀맛이에요ㅎㅎ여기는 고사리육개장이랑 몸국 냉동해서 택배도 가능해서 선물보내기도 좋고올때마다 만족하는곳이니 강추!.고사리해장국은 #우진해장국고사리육개장은 #김재훈고사리육개장#제주공항맛집 #제주공항근처맛집#고사리해장국 #제주시맛집#제주핫플 #제주고사리 #고사리육개장맛집#고사리해장국맛집 #제주이도동맛집 #구제주맛집 #제주시아침식사 #제주공항근처가볼만한곳 #제주공항근처아침식사 #제주도핫플레이스,2021-06-18,70,,"['#김재훈고사리육개장여기는', '#훈이네고사리육개장', '#고사리육개장', '#몸국', '#흑돼지산적', '#우진해장국고사리육개장은', '#김재훈고사리육개장', '#제주공항맛집', '#제주공항근처맛집', '#고사리해장국', '#제주시맛집', '#제주핫플', '#제주고사리', '#고사리육개장맛집', '#고사리해장국맛집', '#제주이도동맛집', '#구제주맛집', '#제주시아침식사', '#제주공항근처가볼만한곳', '#제주공항근처아침식사', '#제주도핫플레이스']"
신례리에 보기드문 갬성카페#네이처캔버스.좀 지난 사진이다 정석비행장에벚꽃보러 다녀오던길이였으니^^;.서귀포로 돌아오는길목에 카페가고 싶어서 검색하다 알게 된 곳. 들어가는 입구에서느낌이 팍 오더라 갬성의 기운이.음료도 맛있고 안에 있던 강아지도 착하고 주인들도 친절했다.  분위기도 좋아서 빨리 올리고 싶던곳인데 3개월이 지나 올리다니.반성해봅니다..#제주도핫플 #신례리카페 #서귀포카페 #제주핫플 #남원카페 #남원읍카페 #신례리맛집 #휴애리맛집 #휴애리카페,2021-06-11,63,네이처캔버스,"['#네이처캔버스.좀', '#제주도핫플', '#신례리카페', '#서귀포카페', '#제주핫플', '#남원카페', '#남원읍카페', '#신례리맛집', '#휴애리맛집', '#휴애리카페']"
근처였는데 왜 이제야 알았을까서호동_치라시맛집 #코미세 치라시는 흩뿌리다 라는 뜻이라고 한다사진보고 회덮밥같은데 뭔가 비주얼적으로나 재료들이 내가 좋아할만한 스타일이여서 찾아가봤다.사장님 혼자 운영하시는거 같은데엄청 친절하시고 오픈주방인게 좋더라괜찮은치라시랑 특별한치라시 두가지가 있는데  특별한치라시는 추가로 무엇인가 올라가는거 같아요안에 재료는 그날 그날 서귀포항에서 구해온 생선이라고 했던거 같다..열심히 하는곳은 다 잘됐음 좋겠다나는 재방문 할것이다ㅎㅎ.#서귀포맛집 #서귀포핫플 #서호동핫플 #서귀포혁신도시맛집 #서귀포라마다앙코르호텔맛집 #제주핫플#서호동핫플 #서귀포덥밥 #치라시 #서호동가볼만한곳 #서귀포신시가지맛집#어느한적한날점심으로딱좋았다.,2021-05-21,58,,"['#코미세', '#서귀포맛집', '#서귀포핫플', '#서호동핫플', '#서귀포혁신도시맛집', '#서귀포라마다앙코르호텔맛집', '#제주핫플', '#서호동핫플', '#서귀포덥밥', '#치라시', '#서호동가볼만한곳', '#서귀포신시가지맛집', '#어느한적한날점심으로딱좋았다.']"
애월_알파카들 먹이주며 같이산책도 가능한 #알파카목장.너무 오랜만에 올리는 피드네요개인적으로 동물들도 좋아하고 알파카도 보고 싶어서 찾아갔는데  토끼들도있고 말이랑 염소도 있었어요 .그래도 메인은 알파카겠죠?직접 목장안으로 들어가서 알파카들이랑 데이트를 한다는게 매력있는거 같아요.제주도는 큰 동물원이 없는관계로 이렇게 소소하게 동물을 볼 수 있는곳이 생겨나는건 대환영입니다..다른곳도 찾아갈테니 제보해주세요~!.#제주동물원 #제주도동물원 #제주알파카목장 #제주도핫플#애월가볼만한곳 #제주가볼만한곳#제주핫플 #제주알파카 #애월핫플,2021-05-16,122,,"['#알파카목장.너무', '#제주동물원', '#제주도동물원', '#제주알파카목장', '#제주도핫플', '#애월가볼만한곳', '#제주가볼만한곳', '#제주핫플', '#제주알파카', '#애월핫플']"
서귀포에서 가장 핫한 국수집#고씨네천지국수여기 멸고국수는 인생국수 등극예상합니다.가게에서 식사하다보면 진짜 맛있다 라는 소리가 여기저기서 들릴정도이제는 너무 유명해져서 웨이팅이 있지만로테이션이 빠른편이고 #테이블링 어플로 실시간예약이 가능하다.최근 이연복쉐프와 유명한유튜버들이 다녀가면서 더욱 유명해지는것 같다...#서귀포맛집 #제주핫플 #제주고기국수맛집 #멸고국수 #돔베고기#서귀포핫플 #올레시장맛집 #서귀포아침식사 #제주도핫플레이스,2021-03-27,86,고씨네천지국수,"['#고씨네천지국수여기', '#테이블링', '#서귀포맛집', '#제주핫플', '#제주고기국수맛집', '#멸고국수', '#돔베고기', '#서귀포핫플', '#올레시장맛집', '#서귀포아침식사', '#제주도핫플레이스']"
세계에서 가장 아름다운 길로 소개되었던#녹산로유채꽃길 벚꽃과 유채꽃이 함께있는길이 무려8km지금이 가장 보기 좋은 시기여서비그치면 바로 가보는건 어떨가요?사진은 25일자 어제사진이에요부지런히 다니다보니 사진을 제대로 못찍은게 아쉽지만 요사진으로는 느낌만 보고 진짜 이쁜 녹산로는 가서 보시길~!.#제주벚꽃 #제주유채꽃 #제주관광지#제주핫플 #제주도핫플 #정석비행장#녹산로 #녹산로벚꽃,2021-03-27,92,,"['#녹산로유채꽃길', '#제주벚꽃', '#제주유채꽃', '#제주관광지', '#제주핫플', '#제주도핫플', '#정석비행장', '#녹산로', '#녹산로벚꽃']"
중문관광단지_ 신상핫플#리틀보라카이 검색해서 갔을땐 작은곳인줄 알았는데 규모도 크고 인테리어도 이쁘네요브런치엔 펍으로 분위기있게 맥주나 와인먹기에도 좋았어요 와인가격도 착한편.이날 시켜먹은건 #수비드흑돼지 랑 #딱새우명란파스타두개 시켜먹었는데 쓱싹 다 비우고 밥 까지 시켜서 말아먹을각이였는데 부끄러워서 패스 ㅎㅎ데이트하거나 분위기있게 한잔하기에 추천!..#중문맛집 #중문핫플 #중문레스토랑#제주도핫플레이스,2021-01-23,114,,"['#리틀보라카이', '#수비드흑돼지', '#딱새우명란파스타두개', '#중문맛집', '#중문핫플', '#중문레스토랑', '#제주도핫플레이스']"
한경면_딱새우장 맛있기로 소문난#마루나키친입구부터 갬성 뿜뿜하더니안에서 바라보는 창가밖에 오션뷰도👍👍눈으로 보는 음식도 맛만큼이나 좋았고딱새우장 양념이 너무 맛있어서 숟가락으로 퍼묵까지..황게파스타는 게살이 통통하고 먹기좋게 나오는데 볶음밥까지 있어서 배도 부르게 먹기좋았어요.돈까스도 곧 출시 한다는데 음식 실력보니 기대가됩니다.다음 판포포구 오는날에 재방문예약..#한경면맛집 #판포포구맛집 #제주도핫플,2020-12-06,91,마루나키친,"['#마루나키친입구부터', '#한경면맛집', '#판포포구맛집', '#제주도핫플']"
한경면_파이가 맛있다는 소문 듣고 찾아간#코코메아 따뜻하고 분위기 좋은 카페!아기자기 레트로감성속에서 인생샷건지기좋은데!?#제주갬성카페 #한경면카페.고기가 가득 들어간 민스파이 대존맛겉바속촉bbb달달한거 좋아하는 나는애플파이는 추가 포장각.#제주카페추천 #판포카페 #판포리맛집#제주파이 #제주베이커리카페,2020-12-04,85,코코메아,"['#코코메아', '#제주갬성카페', '#한경면카페.고기가', '#제주카페추천', '#판포카페', '#판포리맛집', '#제주파이', '#제주베이커리카페']"
위미 베이커리 잘하는집#일일일빵카페오랜만에 재방문 🤤여기 밤식빵 팥식빵에 빠져서 매일 다니던곳인데 신메뉴도 많이 나왔네요#위미동백군락지 근처라 그런지 요새 인기가 좋아지는거 같네요글 올려준다하니 홀케익 하신다고 전해달래요크리스마스때 많이들 이용각 나오나요ㅎㅎ..#위미카페 #제주빵지순례 #서귀포베이커리카페 #제주남원카페,2020-11-20,94,1110BakeryCafe,"['#일일일빵카페오랜만에', '#위미동백군락지', '#위미카페', '#제주빵지순례', '#서귀포베이커리카페', '#제주남원카페']"
표선_유명한햄버거집#판타스틱버거서귀포➡️성산 가는길에 궁금했던햄버거 맛집 들려봤어요소스 뿌려줄때 비주얼이 확실히 깡패네요맛도 만족 가격도 적당한듯 합니다.피클생각이 조금 나긴 했음 이거는 뭐 개인적인거니까.다음에 로빙화나 88버거 가보면 다시 비교해볼게요.#제주버거맛집 #표선맛집추천#제주수제버거 #서귀포수제버거 #서귀포핫플레이스 #표선핫플,2020-10-30,101,Fantastic Buger - 판타스틱 버거,"['#판타스틱버거서귀포➡️성산', '#제주버거맛집', '#표선맛집추천', '#제주수제버거', '#서귀포수제버거', '#서귀포핫플레이스', '#표선핫플']"
찜해둔곳 드디어 가봤네요갬성맛집인줄 알았는데 실력도 맛집#모노클제주뷰가 좋아서 기분좋게 입장했는데전문가답게 유니폼입고 친절하게 가져다 주는 서비스는 카페에서 오랜만에 받아보네요 기분이 좋아지는 서비스👏👏#모노클 #남원카페 #남원핫플#서귀포남원카페 #위미카페#서귀포핫플 #제주도핫플레이스,2020-10-30,89,모노클제주,"['#모노클제주뷰가', '#모노클', '#남원카페', '#남원핫플', '#서귀포남원카페', '#위미카페', '#서귀포핫플', '#제주도핫플레이스']"
[서귀포시내] LP바 갬성이 아직 살아있는집#우드스탁 서귀포 현지인 친구도 모르는사람이 많더라나만 알고있었나? 😂세계맥주 가격별로 나눠나서소소하게 맥주땡기는날에 이용하기 좋은곳.실내는 조금 시끄러움나는 야외테라스만 이용해요.#서귀포우드스탁 #제주lp바 #서귀포핫플 #서귀포술집,2020-10-30,70,,"['#우드스탁', '#서귀포우드스탁', '#제주lp바', '#서귀포핫플', '#서귀포술집']"
중문에 있는 꼬치구이 장인집#야키토리타키비야키토리 오마카세 가봤던 사람으로써여기는 진짜 착한가격으로 퀄리티 높은 꼬치가 나오네요 👏👏굽는걸  보고있으면 정성에 놀라고 하나하나 맛에 놀라요ㅎㅎ고퀄안주 땡기면 가즈아~❗#중문술집 #중문핫플레이스 #중문이자카야 #중문꼬치구이,2020-10-28,94,타키비,"['#야키토리타키비야키토리', '#중문술집', '#중문핫플레이스', '#중문이자카야', '#중문꼬치구이']"
#제주핫푸리_핫플 주차공간 없는줄 알고 항상 지나쳤는데주차공간 많네요. 😂갬성좋은 천지연카페#하버39인테리어가 너무 이쁘고 시내에서 가까운게장점인것 같아요감성적인 분위기 카페 강추해봅니당..제주핫플레이스는 광고비 받는곳 아니고 직접 갔거나 팔로워 추천으로만 운영하고 있어요댓글다는분들은 맞팔해드립니다^_^.#서귀포카페 #천지연카페 #천지연폭포카페#천지연 #새연교카페#서귀포시내카페 #서귀포핫플레이스#서귀포바다뷰카페 #서귀포오션뷰카페#제주갬성카페 #제주감성카페 #서귀포감성카페,2020-10-21,149,천지연 폭포,"['#제주핫푸리_핫플', '#하버39인테리어가', '#서귀포카페', '#천지연카페', '#천지연폭포카페', '#천지연', '#새연교카페', '#서귀포시내카페', '#서귀포핫플레이스', '#서귀포바다뷰카페', '#서귀포오션뷰카페', '#제주갬성카페', '#제주감성카페', '#서귀포감성카페']"
"야시장 언제 생겼니 나만 몰랐구나?갬성에 취한다 🤩#올레시장야시장 / #54번가야시장.야외테이블에서 시장음식으로 한잔하기 어때?청년포차도 맛있는게 천지네🤤.#우주전복 -전복컵밥 전복 버터구이 그리고 미인사장님 😁 가격 맛 둘다👍#젊은이네 -흑돼지떡갈비 , 슈바인학센 가격도 맛도 👍#올레빈대떡 막걸리먹을뻔ㅎㅎ 해물파전 go❗#흑돼지롤 핫해서 그런지 조기마감..다음에 재도전 !#삼촌탕수육 여기까지 먹었어야 했는데 다른거먹느라 마감 😭.진정한 핫플인가..#제주핫푸리_핫플#제주핫플레이스 #서귀포핫플#서귀포올레시장맛집#제주야시장 #서귀포야시장 #올레시장먹거리 #서귀포술집 #서귀포포차",2020-10-14,139,서귀포 매일올레시장,"['#올레시장야시장', '#54번가야시장.야외테이블에서', '#우주전복', '#젊은이네', '#올레빈대떡', '#흑돼지롤', '#삼촌탕수육', '#제주핫푸리_핫플', '#제주핫플레이스', '#서귀포핫플', '#서귀포올레시장맛집', '#제주야시장', '#서귀포야시장', '#올레시장먹거리', '#서귀포술집', '#서귀포포차']"
서귀포 한상차림 횟집은#보물섬횟집바다뷰🏝와 해산물 가득한 한상에회랑 매운탕 그리고 쏘주 🍾 친하게 지내는 사장님이 너무 맛있는걸 사주셨는데 너무 만족 스러운 식사를 하고와서 추천해봅니당 꿀팁 : 4인으로 가면 더 이득❗#서귀포횟집 #서귀포회포차#서귀포항맛집 #제주핫플레이스#제주핫푸리_핫플,2020-10-07,98,자구리문화예술공원,"['#보물섬횟집바다뷰🏝와', '#서귀포횟집', '#서귀포회포차', '#서귀포항맛집', '#제주핫플레이스', '#제주핫푸리_핫플']"
함덕해수욕장 분위기 좋은 카페#피시야카페 지도안에 있는 카페 아무곳이나 찜해서들어갔는데 뷰와 분위기 둘다 찐이네|#함덕카페 #피시야#함덕해수욕장카페 #함덕해변카페 #jejuhotplace #제주핫플추천#제주핫푸리_핫플,2020-09-21,73,피시야,"['#피시야카페', '#함덕카페', '#피시야', '#함덕해수욕장카페', '#함덕해변카페', '#jejuhotplace', '#제주핫플추천', '#제주핫푸리_핫플']"
삼양에 베이커리도 맛있는데 뷰도 좋고내부인테리어도 깔끔한게 부족함이없는 카페#에오마르 #에오마르베이커리카페  #삼양해변 뷰 즐기기엔 딱 좋은곳#jejuhotplace #제주핫플레이스#제주핫푸리_핫플,2020-09-21,62,삼양검은모래해변,"['#에오마르', '#에오마르베이커리카페', '#삼양해변', '#jejuhotplace', '#제주핫플레이스', '#제주핫푸리_핫플']"
떡들이 귀여운데 너무 맛있네요한림에 있는 떡 맛있는집#써니의놀이터 백설기 달달하니 꿀맛 작렬🍯고구마빵도 맛있는데 뜨거울때 먹으니 이건 더 꿀맛🍠🍯떡케이크도 있고 떡종류 많아요오늘 떡이 땡긴다면 #써니의놀이터incafe |#jejuhotplace #제주핫플레이스#한림떡집 #협재카페 #한림읍카페 #한림카페 #한림핫플레이스 #한림핫플,2020-09-20,59,제주도 한림,"['#써니의놀이터', '#써니의놀이터incafe', '#jejuhotplace', '#제주핫플레이스', '#한림떡집', '#협재카페', '#한림읍카페', '#한림카페', '#한림핫플레이스', '#한림핫플']"
제주 best 노을뷰 🌅#협재해수욕장 그리고 #쉼표카페|사진놀이 #비양도라떼커피한잔하고 해변에 가서 발담그면딱 좋다 ||#jejuhotplace#제주핫플레이스#협재핫플레이스 #한림핫플레이스#제주핫푸리_핫플,2020-09-20,134,제주 협재 해수욕장,"['#협재해수욕장', '#쉼표카페|사진놀이', '#비양도라떼커피한잔하고', '#jejuhotplace', '#제주핫플레이스', '#협재핫플레이스', '#한림핫플레이스', '#제주핫푸리_핫플']"
서귀포시내에 있는 불백맛집👍#재도불백화학조미료는 사용 안하신단고 써놓으셨네요최근3개월동안 밥 두그릇 먹어보기는 오랜만인듯!👏찐맛집!  단골등록 합니다‼️||#서귀포현지인맛집 #서귀포도민맛집#서귀포고기맛집 #서귀포정식 #서귀포제육맛집 #천지동맛집 #일호광장맛집 #서귀포시청맛집,2020-09-14,66,,"['#재도불백화학조미료는', '#서귀포현지인맛집', '#서귀포도민맛집', '#서귀포고기맛집', '#서귀포정식', '#서귀포제육맛집', '#천지동맛집', '#일호광장맛집', '#서귀포시청맛집']"
제주 위미리에 있는 갈비. 현지인 맛집!#흥부가 #제주흥부가 #위미흥부가  사용중인 해시태그가 없네요친구초대로 갔다가 여기 반찬 먹어보고 찐맛집이여서 급하게 업로드갑니다.~!#위미맛집 #위미흑돼지 #제주위미맛집#남원고기집 #남원읍맛집 #위미핫플 #남원맛집추천 #제주남원읍맛집,2020-09-08,61,,"['#흥부가', '#제주흥부가', '#위미흥부가', '#위미맛집', '#위미흑돼지', '#제주위미맛집', '#남원고기집', '#남원읍맛집', '#위미핫플', '#남원맛집추천', '#제주남원읍맛집']"
제주스러움을 즐기며 산책하는 관광지#에코랜드 넓은만큼 조용히 산책 했네요사진 스팟이 많고 규모가 크니까시간을 넉넉하게 잡는게 좋음!|#제주관광지 #제주핫플레이스#제주핫푸리_핫플,2020-09-08,147,에코랜드,"['#에코랜드', '#제주관광지', '#제주핫플레이스', '#제주핫푸리_핫플']"
제주시청 바로옆 집밥같은 느낌으로 만족감을 주는 #통통식탁아늑하고 음식맛 하나하나가 음식하는분 실력이 느껴지는 집이였어요.저녁 늦게에도 하니 퇴근후 식사겸 술한잔도 추천해봅니다|#제주시청맛집 #제주시청밥집 #제주시청근처 |전골 이랑 볶음 국수 술안주 등 메뉴다양함!#제주시청닭도리탕 #제주시청김치찌개,2020-09-08,52,제주시청 근처,"['#통통식탁아늑하고', '#제주시청맛집', '#제주시청밥집', '#제주시청근처', '#제주시청닭도리탕', '#제주시청김치찌개']"
성산에 술먹을곳 찾기 힘들죠?피자에 맥주한잔하기 좋은곳#어른이보호구역젊은 사장님이 운영하는 깔끔한 #성산술집성산맛집 들렸다가 소화시키고 숙소 들어가기전 한잔하기 좋아요@~@,2020-09-04,69,성산일출봉 城山日出峰  Seongsan Ilchulbong,"['#어른이보호구역젊은', '#성산술집성산맛집']"
고사리 육개장 안먹어본사람 아직 있나요?도민들이 점심먹으러 자주가는집#훈이네고사리육개장 도민 친구들이 알려줘서 갔는데 도민맛집 인정하고 나왔네요.Tv에도 나왔던거 같아요 정신없는 우진보단 훈이네 추천해봅니당~.#고사리육개장맛집 #몸국맛집#제주시도민맛집 #제주시청밥집#제주몸국맛집 #제주이도이동맛집 #제주구남동맛집,2020-08-30,69,제주시 이도이동,"['#훈이네고사리육개장', '#고사리육개장맛집', '#몸국맛집', '#제주시도민맛집', '#제주시청밥집', '#제주몸국맛집', '#제주이도이동맛집', '#제주구남동맛집']"
지인들오면 한번씩은 꼭 추천했던제주 3대 카페#더클리프 색감도 미치고 해변뷰도 미치고여행온분위기 즐기기엔 최고다.저녁파티도 강추.단점:비쌈주의.#더클리프제주 #중문카페추천 #jejuhotplace #제주핫플레이스,2020-08-20,140,the cliff jeju - 더클리프 제주,"['#더클리프', '#더클리프제주', '#중문카페추천', '#jejuhotplace', '#제주핫플레이스']"
제주외도에 회에소주하기 딱 좋은곳#친구집해물포차 취향저격 딱인데 서귀포에는 왜 없나요..사진에 메뉴판은 없지만 가격 진짜 착하고 비쥬얼도 맛도 찐찐 (포장가능).회에 소주 한잔하기 좋은날이지?.#제주외도동맛집 #제주외도술집,2020-08-19,58,제주 제주시 외도동,"['#친구집해물포차', '#제주외도동맛집', '#제주외도술집']"
올레시장 아래쪽 서귀포 번화가라고 불리는항공모함거리 #이중섭거리 로 이제는 더 유명한곳에 수제핫도그맛집 소개갑니다#배배핫도그 지금 저사진 구성이#수제핫도그 + 아이스아메리카노 + 감자튀김= 5400원.. 진짜 착한가격 인정이중섭거리 번화가쪽에 위치해서 한잔하다가 출출할때 들리기도 좋은거 같아요.#서귀포핫도그맛집 #이중섭거리맛집 #올레시장먹거리,2020-08-19,56,배배핫도그,"['#이중섭거리', '#배배핫도그', '#수제핫도그', '#서귀포핫도그맛집', '#이중섭거리맛집', '#올레시장먹거리']"
구하기 힘들때 먹는 과일이 가장 맛있는거 아시죠? 여름 #하우스귤 나오기 시작했네요#제주담은귤 포장부터 정성이 느껴지는곳하우스귤 오늘부터 주문받는다고 하네요냉장고에 넣어뒀다가 먹으면 꿀맛보장..@jejudameungyul @dameungyul,2020-08-17,47,제주도 Jeju Island,"['#하우스귤', '#제주담은귤']"
새로생긴 제주 관광지#스누피가든구좌읍 송당리쪽에 위치해 있어요사진스팟들이 많고 애들이 좋아한다네요데이트로도 좋다고 하니#제주관광지추천 #스누피가든제주.사진출처@imvely_93,2020-08-17,135,스누피가든,"['#스누피가든구좌읍', '#제주관광지추천', '#스누피가든제주.사진출처@imvely_93']"
이런거 좋다 수육인데 그걸 튀겼네⁉️바삭한 겉 그리고 촉촉한 속#돔베집 식사용 아니고 간식용이여서 부담없이 사먹기 좋았다 [완판순삭주의].#올레시장먹거리 #서귀포돔베고기맛집,2020-08-16,60,제주도 올레시장,"['#돔베집', '#올레시장먹거리', '#서귀포돔베고기맛집']"
뱅쇼라는 와인으로 만드는음료#하르뱅쇼무알콜❗이지만 알콜도 가능하대요.#올레시장먹거리 #뱅쇼맛집올레시장에서 보기만 했던곳이라 뱅쇼를 검색해봤더니 감기에도 좋은음료라네요올레시장주차장쪽에 위치해있어요핫하고 몸에좋은 음료 맛은봐야죠⁉️.#올레시장핫플 #서귀포핫플 #올레시장맛집,2020-08-16,70,제주도 올레시장,"['#하르뱅쇼무알콜❗이지만', '#올레시장먹거리', '#뱅쇼맛집올레시장에서', '#올레시장핫플', '#서귀포핫플', '#올레시장맛집']"
중문 스시 장인이 운영하는#구르메스시퀄리티 가격 서비스 만족도 모두 상급이사진들 최소 2시간안팎 직접찍은사진아 좋다 이  퀄리띠‼️웨이팅있으니 전화번호 언능적읍시당!#중문초밥 #중문스시 #중문횟집추천,2020-08-12,40,제주도 중문,"['#구르메스시퀄리티', '#중문초밥', '#중문스시', '#중문횟집추천']"
함덕 짜장면 잘하는집 👍곱배기 무료❓ 공기밥 무료?❓짜장면도 5000원인데❗가격도착하고 친절해서 그런지 동네사람들이 많아요 인부들이 자주찾는 그런곳~!내픽은 간짜장 👌.이름주의 #함덕중국집 이게 상호명!탕수육은 필수 jmt 가격도 착함 그냥 필수.#함덕착한식당 #함덕가성비맛집 #함덕짜장면 #제주함덕맛집추천 #함덕중화요리는함덕중국집,2020-08-09,45,제주함덕 해수욕장,"['#함덕중국집', '#함덕착한식당', '#함덕가성비맛집', '#함덕짜장면', '#제주함덕맛집추천', '#함덕중화요리는함덕중국집']"
같이간 지인이 엄청 좋아한 #돈코츠라멘그게 무엇인지도 모르고 따라간 나는 갈비 크기에 놀라고 맛에 반하고🙈이제는 한국식이름으로 #갈비라멘 으로 변경했다고 해요 라멘? 변경을 반반으로 했네요ㅎㅎ 꼬마김밥도 무말랭이인지 단무지인건지 맛있음 ㅎㅎ 2000원밖에안하니까 꼭 시켜먹길..그리고 순한맛은 하얀국물 매운맛은 빨간국물 맵기조절 가능하다네요 진짜 매운맛인줄 알고 순한맛 먹음ㅎㅎ..#서귀포라멘맛집 #철이라멘.#철이라멘1호점 여기는 #흑돼지후라이드 만 하고있대요 참고하시길!,2020-08-09,46,Seogwipo,"['#돈코츠라멘그게', '#갈비라멘', '#서귀포라멘맛집', '#철이라멘.', '#철이라멘1호점', '#흑돼지후라이드']"
서귀포에서 외식하기 좋은#자연샤브간만에 가족들이랑 만족스러운 외식 하고왔네요~! 리뷰도좋고  맛도좋고 시간제한도 없고야채막리필도 하고 자신있게 추천합니다.동홍점 & 신시가지 2곳 있어요.#제주도민맛집 #서귀포외식 #서귀포회식장소,2020-08-09,46,Seogwipo,"['#자연샤브간만에', '#제주도민맛집', '#서귀포외식', '#서귀포회식장소']"
"애월카페 여기는 안가봤을걸?시그니처 음료와 디저트가 맛있는#트라이브 🍰☕#애월트라이브 갈사람!?✋귀여운 보틀음료 (로얄밀크티, 말차초코라떼, 더치원액)그리고 원탑 당근케이크랑파운드케이크랑 브라우니 레몬마들렌뷰 이쁜곳인데 뷰소개 까먹을뻔ㅎㅎ#지금이순간카페 바로옆이라서뷰도 환상뷰 오션뷰 🏝#애월오션뷰카페트라이브#애월바다뷰#애월추천카페 #애월디저트맛집#제주애월카페추천",2020-08-08,85,트라이브,"['#트라이브', '#애월트라이브', '#지금이순간카페', '#애월오션뷰카페트라이브', '#애월바다뷰', '#애월추천카페', '#애월디저트맛집', '#제주애월카페추천']"
2020.8월 jeju hot place좋은곳 가볼만한곳 추천도 받아요!맛집소개 핫플소개 올려드립니다(무료인만큼 위생&불친절 외 리뷰안좋은곳은 거절함을 알려드립니다.)..#jejuhotplace #제주핫플레이스#제주핫플 #제주도핫플레이스,2020-08-05,42,Jeju Island,"['#jejuhotplace', '#제주핫플레이스', '#제주핫플', '#제주도핫플레이스']"
펑대리 도민인 나도 몇번 못가본곳조용하고 분위기좋았던 지역날씨 좋은날 다시 찍고 싶게 만들었던#구좌 #세화 #평대리 #하도리 #제주등대,2020-08-03,38,구좌읍 평대리,"['#구좌', '#세화', '#평대리', '#하도리', '#제주등대']"
일상중에 진심 잠깐 쉴려고 들려본#컴포즈커피 .저가커피니까 기대1️⃣도 안했다가 맛퀄리티에 띠용해서 급하게 사진 찍음ㅎㅎ이런걸 이가격에 팔면 사장님 뭐먹고 살아요..?커피랑 저 케익 해서 3300원 😂가격 미쳤...핫플계정이라 업로드 고민했는데 사장님이 너무 친절하셔서 잘되길 바래요ㅎㅎ살림에 보탬이 되시길 바라며‼️이계정은 열심히 장사하시는분만 올려요~광고비1도 받지않는 계정임을 알려드립니다.#올레시장카페 #컴포즈커피서귀포 #컴포즈커피올레시장점,2020-08-03,29,Compose Coffee,"['#컴포즈커피', '#올레시장카페', '#컴포즈커피서귀포', '#컴포즈커피올레시장점']"
협재에 신상맛집 발견🚩베트남음식 전문점 #빛남 쌀국수 외에도 덮밥이랑 튀김만두 반미까지음식도 음식인데 인테리어 색감이 사진욕구 샘솟네요ㅎㅎㅎ ..#협재해수욕장맛집 #옹포리맛집#제주쌀국수 #한림쌀국수,2020-08-02,36,빛남,"['#빛남', '#협재해수욕장맛집', '#옹포리맛집', '#제주쌀국수', '#한림쌀국수']"
한치튀김 장인의길을 가겠다고 다짐한사장님이  운영하는곳.#빌리네월정스낵 메뉴이름에서 아이디어가 돋보인다. 분위기와 맛 둘다잡은 #월정리분식카페 가기전 들리기 좋은곳으로 추천해본다#월정리맛집 #월정리떡볶이 #월정리한치튀김,2020-07-31,44,월정리해변,"['#빌리네월정스낵', '#월정리분식카페', '#월정리맛집', '#월정리떡볶이', '#월정리한치튀김']"
"대정을 알리고자 힘써주는 학생들을 위해 게시물 올려봐요 많이 도와주세요.ㅡㅡㅡㅡㅡㅡㅡㅡㅡㅡㅡㅡㅡㅡㅡ.안녕하세요!6명의 조리서비스경영학과 학생들과 7명의 예술디자인대학 학생들, 그리고 경영학과, 무역학과, 한국어학과, 자율전공학과로 다양한 전공의 경희대 학생들이 모인 '경희대 X 모슬포 리빙랩' 프로젝트는 모슬포의 사람·공간·자연의 가치를 재발굴하고 경희대의 아이디어와 재능을 더해 모슬포를 세상에 알리는 로컬 브랜딩 프로젝트입니다.저희는 제주에 대해 알아가며 제주의 제주다움과 대정의 대정다움에 이끌려, 지역의 특산물인 마늘, 청보리, 방어 등을 활용한 6가지의 식품과 제주와 대정의 이야기를 담은 6가지 굿즈를 제작했습니다.그리고 저희의 결과물들을 더 많은 사람들과 공유하고자 플리마켓을 진행하려 합니다.경희대 X 모슬포, 우리의 플리마켓에 초대합니다!<플리마켓 일정>- 첫 번째 플리마켓: 대정5일시장, 10시 ~ 17시- 두 번째 플리마켓: 수애기베이커리, 11시 ~ 20시- 세 번째 플리마켓: 협재해수욕장 씨씨플리마켓, 18시 ~ 21시#제주플리마켓 #대정플리마켓 #모슬포플리마켓 #안덕플리마켓 #서귀포플리마켓 #제주시장 #모슬포시장 #모슬포오일장 #올레시장 #동문시장 #제주축제 #대정오일장",2020-07-31,35,모슬포 오일장,"['#제주플리마켓', '#대정플리마켓', '#모슬포플리마켓', '#안덕플리마켓', '#서귀포플리마켓', '#제주시장', '#모슬포시장', '#모슬포오일장', '#올레시장', '#동문시장', '#제주축제', '#대정오일장']"
동네 배타는분들이 자주 찾는다는 식당성산 맛집 #항도식당내픽은 #흑돼지삼합두루치기 랑실패없는 #갈치구이 ‼️시끌벅적한 광고맛집 보단 여기로 가세요#제주두루치기맛집 #성산전복뚝배기 #성산갈치맛집 #성산항도식당,2020-07-30,37,성산일출봉 城山日出峰  Seongsan Ilchulbong,"['#항도식당내픽은', '#흑돼지삼합두루치기', '#갈치구이', '#제주두루치기맛집', '#성산전복뚝배기', '#성산갈치맛집', '#성산항도식당']"
요즘엔 정원있는 카페가그렇게 매력적이더라.🌳.🍃#제주엔봄 #제주정원카페#제주카페추천 #아라동카페,2020-07-19,67,제주도 Jeju Island,"['#제주엔봄', '#제주정원카페', '#제주카페추천', '#아라동카페']"
서귀포에서 회에 한잔하기 좋은곳#나원회포차 밤늦게 까지 하는곳 중에서 강추 하고 싶은곳!  가격도 가성비 좋고 위치도 시내라서  부담 없이 가기 좋은 #서귀포회포차,2020-07-15,34,,"['#나원회포차', '#서귀포회포차']"
#제주풀빌라 신상 나옴!수영장 크기가 이만한곳이 있던가? 성산에 있는 #허니하우스예약은 아직까지는 직접 해야 하는것 같네요@honey_house2020 <<여기 문의!가족단위 #성산풀빌라 찾는분들에게적극추천 신상인데 가격도 착한거같아요,2020-07-07,45,성산,"['#제주풀빌라', '#허니하우스예약은', '#성산풀빌라']"
간단한 식사 하러  갔다가대만족해버린 존맛탱 덮밥양념맛이 장난없네...#홍대개미제주 #제주덮밥맛집,2020-07-07,38,홍대개미제주,"['#홍대개미제주', '#제주덮밥맛집']"
용담해안도로에 신상카페가.⁉️이색적이고 알록달록한 색감 구경하며편하게 쉬었네요 넓직해서 시원한 느낌이 딱!#용담해안도로카페 #카페팔레트,2020-06-23,40,용담해안도로,"['#용담해안도로카페', '#카페팔레트']"
그냥 맛있어 버리는 찐 현지인맛집부모님 모시고 가면 만족도💯% #멸고국수 👍 수육( #돔베고기 ) 만원‼️막걸리 각 보이나요?저녁에 가야 한가합니다강추 #고씨네천지국수,2020-06-15,53,고씨네천지국수,"['#멸고국수', '#돔베고기', '#고씨네천지국수']"
#용담해안도로 전객실 오션뷰 신축 호텔 생겼네요❗ 〰️ #메르블루호텔신축이라 그런지 룸 컨디션 좋구요오픈행사 이벤트 있을 예정인것 같으니 문의 가시죠! >> @merbleue_jeju..[주변에서 회에 소주 강추]#태하횟집 >> 루프탑 +한치 + 오션뷰..호텔 이쁘게 리뷰가능한 인플루언서 블로거 유튜버님들 환영한다네요 dm주세요#용담해안도로호텔 #용담해안도로팬션,2020-06-13,54,용담해안도로,"['#용담해안도로', '#메르블루호텔신축이라', '#태하횟집', '#용담해안도로호텔', '#용담해안도로팬션']"
삼양해변에 피자맛집 발견 아저씨 아주머니 두분이서 하시는거 같은데광고를 안하시는거 같고.. 풍경보다가 저긴뭐야하고 이름검색해서 알게된곳.사진속 피자가 1번메뉴 가격은 2만원인데 고퀄리티 제주best 피자 인정❗카페로만 이용가능 애초에 카페였던거 같기도  하고 암튼 인정ㅋㅋ.[피자소개하느라 잊은 오션뷰도 찐이야].#제주피자맛집 #삼양피자 #삼양카페,2020-06-11,28,삼양해변,"['#제주피자맛집', '#삼양피자', '#삼양카페']"
제주 술 안주 베스트5 안에드는 #우럭탕수육서귀포시내위치❗ 구중파 #엠스테이호텔 앞에위치했어요가격도 착하고 배부를때 안주하기 좋은곳!적극추천 해봅니다. 개인적으로 지인5번째 데려온날 올려봅니다#패랭이 #서귀포패랭이 #서귀포시내술집,2020-06-01,27,서귀포시,"['#우럭탕수육서귀포시내위치❗', '#엠스테이호텔', '#패랭이', '#서귀포패랭이', '#서귀포시내술집']"
편하게 들렸다가 안주 클라스에 반해버린집#류빈 #이도이동술집메뉴가 전체적으로 깔끔하고 가격이ㄷㄷ모듬회 소짜 2.2  우리동네 가져가고싶다..#제주법원맛집 #제주시술집 #구제주술집 #제주이도동술집 #제주이도동맛집#제주이도이동맛집 #제주이도이동술집#이도이동맛집 #이도이동이자카야 #이도동술집 #이도동맛집 #제주시이자카야#제주시갬성주점 #아라동술집 #제주베라체맛집 #이도주공 #이도이동 #이도이동카페 #제주이도이동,2020-05-24,36,Jeju,"['#류빈', '#이도이동술집메뉴가', '#제주법원맛집', '#제주시술집', '#구제주술집', '#제주이도동술집', '#제주이도동맛집', '#제주이도이동맛집', '#제주이도이동술집', '#이도이동맛집', '#이도이동이자카야', '#이도동술집', '#이도동맛집', '#제주시이자카야', '#제주시갬성주점', '#아라동술집', '#제주베라체맛집', '#이도주공', '#이도이동', '#이도이동카페', '#제주이도이동']"
1년에 최소 10번 이상 가게 되는곳서귀포 한잔하기 딱 좋은 갬성#로즈마린...#서귀포술집 #서귀포갬성술집 #서귀포로즈마린 #서귀포바다뷰술집,2020-05-23,32,Seogwipo,"['#로즈마린...', '#서귀포술집', '#서귀포갬성술집', '#서귀포로즈마린', '#서귀포바다뷰술집']"
새로생긴 올레시장안쪽 #시장냉면#설문대할망도반한냉면 이라는데 냉면집 이름이 시장냉면임. 일단 비냉양념장 합격물냉육수 합격 온육수합격 맛있음.개인취향이지만 면두깨가 얇았으면 완벽했을건데 1%아쉬움  그래도 서귀포에서 보기힘든 냉면맛집!..#서귀포냉면맛집,2020-05-22,33,,"['#시장냉면', '#설문대할망도반한냉면', '#서귀포냉면맛집']"
오늘모임장소였던곳! 메뉴가 흔하지 않아 더 좋았던 #엠스테이호텔제주 바로옆❗저녁에 간단하게 한잔하기 좋은 #서귀포술집#늘여름,2020-05-18,37,,"['#엠스테이호텔제주', '#서귀포술집', '#늘여름']"
난 이런 갬성 좋더라#제주시청술집 _#모던뽀이,2020-05-17,36,제주시청 근처,"['#제주시청술집', '#모던뽀이']"
스트레스 많은 요즘 달달한게 땡긴달까.커피말고 이젠 #망원동티라미수 컵케익🍰 사가서 칭찬받자....피드쓰면서도 먹고있는 티라미수 jmt❗#제주시디저트카페 #노형동카페추천,2020-05-15,50,망원동티라미수제주점,"['#망원동티라미수', '#제주시디저트카페', '#노형동카페추천']"
특별한거 땡기는날 데이트엔🌹 #헬로우보일링크랩 메뉴지렸다..#서귀포데이트코스 갔다가 여기어때 ⁉️랍스타 & 럽스타....#서귀포이색맛집 #서귀포추천맛집#제주랍스타,2020-05-14,36,서귀포 법환포구,"['#헬로우보일링크랩', '#서귀포데이트코스', '#서귀포이색맛집', '#서귀포추천맛집', '#제주랍스타']"
자꾸 왔다리갔다리 어디갈지 고민하니?여기야 #오오야마 안주 찐 찐 맛찻길건너 노빠꾸 직진 #제주시청이자카야이젠 고급스런 안주로 분위기있게 놀아보자#제주시청술집 bset ➡️ #제주오오야마,2020-05-14,26,"제주도, Jeju","['#오오야마', '#제주시청이자카야이젠', '#제주시청술집', '#제주오오야마']"
제주 핫플에 어울리는곳.이정도면 반칙이지.#새별오름 앞 (바로앞) #새빌카페,2020-05-10,38,,"['#새별오름', '#새빌카페']"
제주시 외도동 씨티마트 #꽃도령수산[회포장전문] 돔종류포장도 저렴함! 문의!#제주회포장 돌돔 & 참돔 & 제주광어 연어 & 문어 & 방어 & 해삼 & 꽃도령 다있음 우리 성실한 꽃도령사장님제가 자주 이용하는곳이라 한번더 업로드갑니다.항상 싱싱한애들로 챙겨주니 적극추천해봅니다.#제주시회포장 #외도회포장 #애월회포장 #도두회포장 #이호테우해변회포장#외도동회포장 #제주씨티마트 #제주외도횟집 #제주외도회포장 #제주외도마트 #제주외도수산 #외도일동수산코너 #외도동회배달 #제주외도동회배달,2020-04-27,23,,"['#꽃도령수산[회포장전문]', '#제주회포장', '#제주시회포장', '#외도회포장', '#애월회포장', '#도두회포장', '#이호테우해변회포장', '#외도동회포장', '#제주씨티마트', '#제주외도횟집', '#제주외도회포장', '#제주외도마트', '#제주외도수산', '#외도일동수산코너', '#외도동회배달', '#제주외도동회배달']"
서귀포구터미널  바로옆 분위기 좋은 카페인테리어가 예술 °°°°°°°°#서귀포카페 #올레시장카페 #서귀포시내카페 #제주카페추천 #jejucafe #jejuisland #노웨어제주 #노웨어카페 #노웨어제주 #제주노웨어 #nowherecafe,2020-04-27,24,노웨어,"['#서귀포카페', '#올레시장카페', '#서귀포시내카페', '#제주카페추천', '#jejucafe', '#jejuisland', '#노웨어제주', '#노웨어카페', '#노웨어제주', '#제주노웨어', '#nowherecafe']"
위미엔 #위미항 있고 #동백군락지 있고 #꼬동꼬동 이있다 !  해물떡볶이 jmt보말튀김 톳튀김 완전신기 👍👍#위미맛집 #제주해물떡볶이 #서귀포떡볶이맛집,2020-04-27,32,,"['#위미항', '#동백군락지', '#꼬동꼬동', '#위미맛집', '#제주해물떡볶이', '#서귀포떡볶이맛집']"
애월 유명한 카페보다 더 좋았던 #제이제이그랑블루 정면 측면 뷰 둘다 이쁜곳.강추☆☆☆☆☆ #애월카페 #제주카페추천 #제주도민추천#제주애월카페 #제주가볼만한곳 #jejucafe #jejuisland,2020-04-27,43,"제주도, Jeju","['#제이제이그랑블루', '#애월카페', '#제주카페추천', '#제주도민추천', '#제주애월카페', '#제주가볼만한곳', '#jejucafe', '#jejuisland']"
#제주돔베고기맛집 가성비 미쳤다.만원!? 10000원!? #제주가성비맛집 등록완료서귀포올레시장 근처에 위치한#고씨네천지국수.비싼곳 가서 호구 잡히지 말고현지인 가는곳 가자#서귀포현지인맛집#제주도민추천맛집,2020-04-15,34,,"['#제주돔베고기맛집', '#제주가성비맛집', '#고씨네천지국수.비싼곳', '#서귀포현지인맛집', '#제주도민추천맛집']"
내가 이용한곳 인스타 업로드 해주면 용돈을?_소규모식당은 인스타체험단 음식제공단가가  부담스러워서 다들 셀프로 많이들 하시잖아요?'사장님'도 '손님도' 만족할만한 웹이네요 #리뷰얼마 #내가바로 #이벤트 #SNS마케팅 #리얼리뷰 #돈버는앱 #리얼 #리뷰앱 #리뷰 #인플루언서 [ #인스타체험단 #인스타돈벌기 #인스타업로드 #용돈벌이추천 #블로그체험단 #유튜브체험단 병행추천! ]#자영업광고 #자영업마케팅 #셀프마케팅,2020-04-06,15,,"['#리뷰얼마', '#내가바로', '#이벤트', '#SNS마케팅', '#리얼리뷰', '#돈버는앱', '#리얼', '#리뷰앱', '#리뷰', '#인플루언서', '#인스타체험단', '#인스타돈벌기', '#인스타업로드', '#용돈벌이추천', '#블로그체험단', '#유튜브체험단', '#자영업광고', '#자영업마케팅', '#셀프마케팅']"
#서귀포베이커리카페 맛 1등 여기사장님 베이커리 고수#위미카페 #일일일빵 ㅡㅡ#1110카페 #일일일빵카페 #위미카페 #제주위미카페 #남원카페추천 #서귀포빵맛집 #위미빵집 #위미디저트카페1110#서귀포디저트맛집 #위미해변 #위미항맛집,2020-03-31,27,,"['#서귀포베이커리카페', '#위미카페', '#일일일빵', '#1110카페', '#일일일빵카페', '#위미카페', '#제주위미카페', '#남원카페추천', '#서귀포빵맛집', '#위미빵집', '#위미디저트카페1110', '#서귀포디저트맛집', '#위미해변', '#위미항맛집']"
조용하고 분위기 있는 #블랑마레코나원두 👍#서호동카페#법환동카페#서귀포신시가지카페#법환포구카페#서귀포커피맛집,2020-03-30,28,,"['#블랑마레코나원두', '#서호동카페', '#법환동카페', '#서귀포신시가지카페', '#법환포구카페', '#서귀포커피맛집']"
#외도동맛집추천 안할래 나는 회포장해서 숙소가서  먹어야지 요새 위험하자나 !  여기 #꽃도령수산  사장님이 잘챙겨줌. 옆에 족발도 팜 개이득!  #외도시티마트 안에 있어요마트 5개인가 있던데 다비슷비슷 회포장 깔끔한 시티마트 강추!#제주시외도동 #외도맛집추천 #외도회포장 #외도동회포장#외도일동회포장 #외도동꽃도령수산#제주시외도동꽃도령수산 #이호테우해변맛집 #이호테우등대 #제주외도맛집 #제주외도회포장꽃도령수산#알작지맛집 #월대천맛집,2020-03-07,31,,"['#외도동맛집추천', '#꽃도령수산', '#외도시티마트', '#제주시외도동', '#외도맛집추천', '#외도회포장', '#외도동회포장', '#외도일동회포장', '#외도동꽃도령수산', '#제주시외도동꽃도령수산', '#이호테우해변맛집', '#이호테우등대', '#제주외도맛집', '#제주외도회포장꽃도령수산', '#알작지맛집', '#월대천맛집']"
제주음식하면 #제주전복뚝배기 빼놓을수없죠?서귀포 #천지연 가는길에 있는 작은식당인데재료도 훌륭하고  맛도 훌륭하여 추천장소로 올립니다. 저는 다비우고 왔어요~#서귀포전복뚝배기맛집#서귀포해물탕맛집#제주전복뚝배기맛집#정방동맛집#서귀포칼호텔맛집#정방폭포근처맛집#올레시장맛집,2020-02-02,32,서귀포시,"['#제주전복뚝배기', '#천지연', '#서귀포전복뚝배기맛집', '#서귀포해물탕맛집', '#제주전복뚝배기맛집', '#정방동맛집', '#서귀포칼호텔맛집', '#정방폭포근처맛집', '#올레시장맛집']"
애월에서 협재가는길 아직 사람들이 잘모르는 귀덕리.조용하고 이쁜 바다가 반겨준다.생긴지 얼마안된건지 깨끗하고 인스타사진 감성을 자극하는 #귀더크 메뉴도 신선한 #흑돼지카츠산도 크 이건 다시먹으러 가야할듯.#제주귀더크 #애월브런치맛집 #제주신상카페 #한림브런치파페 #귀덕리카페#귀덕리맛집 #제주귀덕리귀더크#애월과협재사이귀더크 #한림카페추천#제주한림카페,2020-02-02,39,귀덕리,"['#귀더크', '#흑돼지카츠산도', '#제주귀더크', '#애월브런치맛집', '#제주신상카페', '#한림브런치파페', '#귀덕리카페', '#귀덕리맛집', '#제주귀덕리귀더크', '#애월과협재사이귀더크', '#한림카페추천', '#제주한림카페']"
#이중섭거리  한건물을 통으로 이용하는 카페 개인적으로 3층이 취항저격.#루프탑카페 #제주콜라주 로소개하는 #제주핫플카페#서귀포카페 #서귀동카페#새연교카페 #천지연카페#이중섭거리소품샵 옆ㅡ#서귀포루프탑카페#서귀포카페루프탑#rooftopcafe,2020-02-01,26,Seogwipo,"['#이중섭거리', '#루프탑카페', '#제주콜라주', '#제주핫플카페', '#서귀포카페', '#서귀동카페', '#새연교카페', '#천지연카페', '#이중섭거리소품샵', '#서귀포루프탑카페', '#서귀포카페루프탑', '#rooftopcafe']"
#제주맛집 #제주핫플 #제주사진명소보내주세요. #제주콜라주 로  #제주소개 하기👇자영자님들 직접 보내셔도 됩니다._보내실때사진5장~9장  보내주세요직접 콜라주로 만들어서 보내주셔도 됩니다매장 장점 특징 위치  같이 보내주세요 팔로워하신분만  올려드림!👇_이런곳은제외평점 3점 이하거나 악플달리는곳. 인스타도배프로그램 쓰신곳.관리안되는매장은 보내셔도 답장안해요 😁2020년에도 화이팅 하세요 아직 파워는 없지만 매출로 이어지는 키워드 잘 잡아드릴게요~#제주시맛집 #서귀포맛집#제주연돈 #연돈#제주골목식당 #성산맛집#애월맛집 #대정맛집 #남원맛집 #조천맛집 #제주도현지인맛집 #제주성산맛집#제주서귀포맛집 #서귀포카페 #애월카페#제주시카페 #제주카페 #제주도카페 #제주도맛집,2020-02-01,28,"제주도, Jeju","['#제주맛집', '#제주핫플', '#제주사진명소보내주세요.', '#제주콜라주', '#제주소개', '#제주시맛집', '#서귀포맛집', '#제주연돈', '#연돈', '#제주골목식당', '#성산맛집', '#애월맛집', '#대정맛집', '#남원맛집', '#조천맛집', '#제주도현지인맛집', '#제주성산맛집', '#제주서귀포맛집', '#서귀포카페', '#애월카페', '#제주시카페', '#제주카페', '#제주도카페', '#제주도맛집']"
제주착한농장 #제주담은귤#한라봉 #천혜향 선물하시는분들에게추천합니다. 많은 업체에서 인정받은곳부부가 운영하는곳인데 1kg 더 주는 이벤트 하네요 #제주한라봉농장#한라봉직거래 #천혜향직거래 #서귀포귤체험#귤체험농장#제주한라봉직거래#천혜향맛집#서귀포한라봉직거래#서귀포천혜향#한라봉맛집#제주한라봉농장,2020-01-31,31,,"['#제주담은귤', '#한라봉', '#천혜향', '#제주한라봉농장', '#한라봉직거래', '#천혜향직거래', '#서귀포귤체험', '#귤체험농장', '#제주한라봉직거래', '#천혜향맛집', '#서귀포한라봉직거래', '#서귀포천혜향', '#한라봉맛집', '#제주한라봉농장']"
#위미리디저트카페 #일일일빵111가지 빵이란 의미는 아니구요사실 의미는 모르겠는데빵이 맛있고 가격착한건 알겠네요#제주위미카페 #서귀포위미리#위미동백군락지카페#위미리동백군락지카페#1110카페 #남원빵집 #위미빵집일일일빵,2020-01-18,35,,"['#위미리디저트카페', '#일일일빵111가지', '#제주위미카페', '#서귀포위미리', '#위미동백군락지카페', '#위미리동백군락지카페', '#1110카페', '#남원빵집', '#위미빵집일일일빵']"
#자연샤브 서귀포혁신도시 새로생기는 농협건물에 샤브샤브집 들어옴 동홍동에서 인기좋아서 2호점으로 생겼는데 신시가지분들 이용하기 좋겠네요오픈날이여서 다녀왔는데 맛도 👍👍👍 #서귀포혁신도시맛집#서귀포샤브샤브맛집#제주흑돼지샤브샤브#자연샤브서귀포혁신도시점#서귀포시외버스터미널맛집#강정동샤브샤브#대륜동샤브샤브#서귀포신시가지샤브샤브#서귀포라마다앙코르호텔맛집,2020-01-14,33,,"['#자연샤브', '#서귀포혁신도시맛집', '#서귀포샤브샤브맛집', '#제주흑돼지샤브샤브', '#자연샤브서귀포혁신도시점', '#서귀포시외버스터미널맛집', '#강정동샤브샤브', '#대륜동샤브샤브', '#서귀포신시가지샤브샤브', '#서귀포라마다앙코르호텔맛집']"
#고씨네천지국수추천카페 밀크티 전문으로 하는 #카페블루하우스 #일호광장 그리고 #서귀포구터미널 에서 근접한 카페중 가장 추천하고싶은#서귀포이색카페 #홍콩밀크티 를 서귀포에서 즐겨보는건 어떤가요?#제주도민추천카페#서귀포현지인추천#천지동카페블루하우스#서귀포시내카페,2020-01-06,36,서귀포 블루하우스,"['#고씨네천지국수추천카페', '#카페블루하우스', '#일호광장', '#서귀포구터미널', '#서귀포이색카페', '#홍콩밀크티', '#제주도민추천카페', '#서귀포현지인추천', '#천지동카페블루하우스', '#서귀포시내카페']"
#케렌시아카페 쇠소깍 테라로사를 가로막아버린 뷰깡패 카페#서귀포바다뷰카페 서귀포시내에서 멀지않고 사장님이 친절해서 자주 갈듯싶다.쇠소깍 들린다면 #서귀포카페맛집#카페케렌시아 추천해봄#서귀포현지인추천카페케렌시아#제주도민추천카페#제주도민추천카페케렌시아,2020-01-05,39,케렌시아,"['#케렌시아카페', '#서귀포바다뷰카페', '#서귀포카페맛집', '#카페케렌시아', '#서귀포현지인추천카페케렌시아', '#제주도민추천카페', '#제주도민추천카페케렌시아']"
#고씨네천지국수 추천장소👍 맛으로 동네사람들에게 인정받아버리고관광객 외국인 모두에게 극찬에 #리뷰만점 받아버린곳 #멸고국수 전문점으로 고기국수 안파는 유일한 #제주국수집#제주맛집인정 ! #올레시장근처맛집#서귀포시맛집추천#서귀포시내맛집#제주여행추천#제주도민추천,2020-01-03,43,고씨네천지국수,"['#고씨네천지국수', '#리뷰만점', '#멸고국수', '#제주국수집', '#제주맛집인정', '#올레시장근처맛집', '#서귀포시맛집추천', '#서귀포시내맛집', '#제주여행추천', '#제주도민추천']"
#고씨네천지국수 추천장소보목가는길에 있는 빵맛집#보래드베이커스 여긴 뷰도  어느정도 좋은편인데 일단 맛이 좋음.그린티라떼랑 카페라떼 둘다 만족함.#보목카페 #서귀포바다뷰카페#제주여행추천#제주도민추천,2020-01-03,30,보래드베이커스,"['#고씨네천지국수', '#보래드베이커스', '#보목카페', '#서귀포바다뷰카페', '#제주여행추천', '#제주도민추천']"
#고씨네천지국수 추천장소강정가는길에 있는 #카페자리 바다근접뷰아닌 멀리서 하우스와 밭들과 같이보는 바다뷰가 시원한곳#서귀포바다뷰카페#제주여행추천#제주도민추천,2020-01-03,26,카페자리,"['#고씨네천지국수', '#카페자리', '#서귀포바다뷰카페', '#제주여행추천', '#제주도민추천']"
